<?xml version="1.0" encoding="UTF-8"?>
<project-private xmlns="http://www.netbeans.org/ns/project-private/1">
    <editor-bookmarks xmlns="http://www.netbeans.org/ns/editor-bookmarks/2" lastBookmarkId="0"/>
    <open-files xmlns="http://www.netbeans.org/ns/projectui-open-files/2">
        <group>
            <file>file:/C:/xampp/htdocs/ThePaperSone/application/modules/user/views/vregister.php</file>
            <file>file:/C:/xampp/htdocs/ThePaperSone/application/modules/user/controllers/User.php</file>
            <file>file:/C:/xampp/htdocs/ThePaperSone/application/modules/user/models/M_user.php</file>
            <file>file:/C:/xampp/htdocs/ThePaperSone/system/libraries/Form_validation.php</file>
            <file>file:/C:/xampp/htdocs/ThePaperSone/application/models/M_menu.php</file>
        </group>
    </open-files>
</project-private>
